,combined_address,Street_Address,City_State
0,"2576 Berryhill Rd, Montgomery",2576 Berryhill Rd,Montgomery
1,"2754 Legends Pkwy, Prattville",2754 Legends Pkwy,Prattville
2,"2754 Legends Pkwy, Prattville",2754 Legends Pkwy,Prattville
3,"Symal House, 423 Edgware Rd, London",Symal House,"423 Edgware Rd, London"
4,"Biggin Hill, Westerham",Biggin Hill,Westerham
5,"Unit 7, Mill West, Trading Estate, Mill St, Slough",Unit 7,"Mill West, Trading Estate, Mill St, Slough"
6,"10 Everitt Rd, London",10 Everitt Rd,London
7,"Stifford Rd, South Ockendon",Stifford Rd,South Ockendon
8,"172 Halfway St, Sidcup",172 Halfway St,Sidcup
9,"3rd Floor, 207 Regent St., London",3rd Floor,"207 Regent St., London"
10,"90-96 High St N, London",90-96 High St N,London
11,"Redriff Rd, London",Redriff Rd,London
12,"825 High Rd. Leyton, London",825 High Rd. Leyton,London
13,"1625 E Camelback Rd, Phoenix",1625 E Camelback Rd,Phoenix
14,"2140 E Baseline Rd, Phoenix",2140 E Baseline Rd,Phoenix
15,"5715 N 19th Ave, Phoenix",5715 N 19th Ave,Phoenix
16,"4515 E Thomas Rd, Phoenix",4515 E Thomas Rd,Phoenix
17,"10404 N 43rd Ave, Glendale",10404 N 43rd Ave,Glendale
18,"3777 S Arizona Ave, Chandler",3777 S Arizona Ave,Chandler
19,"1135 S Gilbert Rd, Mesa",1135 S Gilbert Rd,Mesa
20,"12602 N Paradise Village Pkwy W, Phoenix",12602 N Paradise Village Pkwy W,Phoenix
21,"1230 S Longmore, Mesa",1230 S Longmore,Mesa
22,"15444 N Frank Lloyd Wright Blvd, Scottsdale",15444 N Frank Lloyd Wright Blvd,Scottsdale
23,"3425 W Frye Rd, Chandler",3425 W Frye Rd,Chandler
24,"21001 N Tatum Blvd Suite 20, Phoenix",21001 N Tatum Blvd Suite 20,Phoenix
25,"3931 S Gilbert Rd, Gilbert",3931 S Gilbert Rd,Gilbert
26,"995 S Cotton Ln, Goodyear",995 S Cotton Ln,Goodyear
27,"16806 N 7th St, Phoenix",16806 N 7th St,Phoenix
28,"13731 W Bell Rd, Surprise",13731 W Bell Rd,Surprise
29,"7409 W Virginia Ave, Phoenix",7409 W Virginia Ave,Phoenix
30,"1515 E Warner Rd, Gilbert",1515 E Warner Rd,Gilbert
31,"1800 E Rio Salado Pkwy Suite 120, Tempe",1800 E Rio Salado Pkwy Suite 120,Tempe
32,"1515 N Litchfield Rd, Goodyear",1515 N Litchfield Rd,Goodyear
33,"12700 Chenal Pkwy, Little Rock",12700 Chenal Pkwy,Little Rock
34,"420 S University Ave, Little Rock",420 S University Ave,Little Rock
35,"4000 McCain Blvd, North Little Rock",4000 McCain Blvd,North Little Rock
36,"501 Elsinger Blvd, Conway",501 Elsinger Blvd,Conway
37,"7377 Alcoa Rd, Bryant",7377 Alcoa Rd,Bryant
38,"420 S University Ave, Little Rock",420 S University Ave,Little Rock
39,"12700 Chenal Pkwy, Little Rock",12700 Chenal Pkwy,Little Rock
40,"1500 W Roosevelt Rd, Little Rock",1500 W Roosevelt Rd,Little Rock
41,"501 Elsinger Blvd, Conway",501 Elsinger Blvd,Conway
42,"420 S University Ave, Little Rock",420 S University Ave,Little Rock
43,"12700 Chenal Pkwy, Little Rock",12700 Chenal Pkwy,Little Rock
44,"7377 Alcoa Rd, Bryant",7377 Alcoa Rd,Bryant
45,"4000 McCain Blvd, North Little Rock",4000 McCain Blvd,North Little Rock
46,"1907 Appianway St, Little Rock",1907 Appianway St,Little Rock
47,"12700 Chenal Pkwy, Little Rock",12700 Chenal Pkwy,Little Rock
48,"801 Elsinger Blvd, Conway",801 Elsinger Blvd,Conway
49,"7377 Alcoa Rd, Bryant",7377 Alcoa Rd,Bryant
50,"501 Elsinger Blvd, Conway",501 Elsinger Blvd,Conway
51,"7341 Alcoa Rd, Bryant",7341 Alcoa Rd,Bryant
52,"420 S University Ave, Little Rock",420 S University Ave,Little Rock
53,"2505 Riverside Blvd, Sacramento",2505 Riverside Blvd,Sacramento
54,"1925 Douglas Blvd, Roseville",1925 Douglas Blvd,Roseville
55,"1919 Fulton Ave, Sacramento",1919 Fulton Ave,Sacramento
56,"3601 N Freeway Blvd, Sacramento",3601 N Freeway Blvd,Sacramento
57,"10881 Olson Dr, Rancho Cordova",10881 Olson Dr,Rancho Cordova
58,"6507 4th Ave, Sacramento",6507 4th Ave,Sacramento
59,"5104 Commons Dr, Rocklin",5104 Commons Dr,Rocklin
60,"5837 Sunrise Blvd, Citrus Heights",5837 Sunrise Blvd,Citrus Heights
61,"5001 Madison Ave, Sacramento",5001 Madison Ave,Sacramento
62,"7505 Laguna Blvd, Elk Grove",7505 Laguna Blvd,Elk Grove
63,"10451 Fairway Dr, Roseville",10451 Fairway Dr,Roseville
64,"3000 Harbison Dr, Vacaville",3000 Harbison Dr,Vacaville
65,"430 Blue Ravine Rd, Folsom",430 Blue Ravine Rd,Folsom
66,"2700 Bell Rd, Auburn",2700 Bell Rd,Auburn
67,"1707 J St, Sacramento",1707 J St,Sacramento
68,"950 Groveland Ln, Lincoln",950 Groveland Ln,Lincoln
69,"2185 Bronze Star Dr, Woodland",2185 Bronze Star Dr,Woodland
70,"8101 Cosumnes River Blvd, Sacramento",8101 Cosumnes River Blvd,Sacramento
71,"2059 Cadenasso Dr, Fairfield",2059 Cadenasso Dr,Fairfield
72,"2005 Town Center Plaza, West Sacramento",2005 Town Center Plaza,West Sacramento
73,"1600 California St Suite 14, Denver",1600 California St Suite 14,Denver
74,"551 S Hover St, Longmont",551 S Hover St,Longmont
75,"460 S Vance St, Lakewood",460 S Vance St,Lakewood
76,"6767 S Clinton St, Greenwood Village",6767 S Clinton St,Greenwood Village
77,"10445 Reed St, Westminster",10445 Reed St,Westminster
78,"1265 Sergeant Jon Stiles Dr, Highlands Ranch",1265 Sergeant Jon Stiles Dr,Highlands Ranch
79,"5071 Kipling St, Wheat Ridge",5071 Kipling St,Wheat Ridge
80,"1950 E County Line Rd, Highlands Ranch",1950 E County Line Rd,Highlands Ranch
81,"7930 Northfield Blvd, Denver",7930 Northfield Blvd,Denver
82,"14200 E Ellsworth Ave, Aurora",14200 E Ellsworth Ave,Aurora
83,"7777 E Hampden Ave, Denver",7777 E Hampden Ave,Denver
84,"1985 Sheridan Boulevard, Edgewater",1985 Sheridan Boulevard,Edgewater
85,"4301 E Virginia Ave, Glendale",4301 E Virginia Ave,Glendale
86,"2171 Prairie Center Pkwy, Brighton",2171 Prairie Center Pkwy,Brighton
87,"11150 S Twenty Mile Rd, Parker",11150 S Twenty Mile Rd,Parker
88,"3650 River Point Pkwy, Sheridan",3650 River Point Pkwy,Sheridan
89,"9390 W Cross Dr, Littleton",9390 W Cross Dr,Littleton
90,"16910 E Quincy Ave, Aurora",16910 E Quincy Ave,Aurora
91,"7400 S Gartrell Rd, Aurora",7400 S Gartrell Rd,Aurora
92,"10001 Commons St, Lone Tree",10001 Commons St,Lone Tree
93,"475 Hartford Rd, New Britain",475 Hartford Rd,New Britain
94,"125 Buckland Hills Dr, Manchester",125 Buckland Hills Dr,Manchester
95,"900 Hartford Turnpike, Waterford",900 Hartford Turnpike,Waterford
96,"200 Universal Dr, North Haven",200 Universal Dr,North Haven
97,"94 Elm St Ste 1, Enfield",94 Elm St Ste 1,Enfield
98,"600 Executive Blvd S, Southington",600 Executive Blvd S,Southington
99,"474 Chamberlain Hwy, Meriden",474 Chamberlain Hwy,Meriden
100,"3265 Berlin Tpke, Newington",3265 Berlin Tpke,Newington
101,"300 Chase Ave, Waterbury",300 Chase Ave,Waterbury
102,"333 N Main St Suite 10, West Hartford",333 N Main St Suite 10,West Hartford
103,"20 W Main St, Ansonia",20 W Main St,Ansonia
104,"1075 Kennedy Rd, Windsor",1075 Kennedy Rd,Windsor
105,"1922 E Main St, Torrington",1922 E Main St,Torrington
106,"50 Holyoke St, Holyoke",50 Holyoke St,Holyoke
107,"3265 Berlin Tpke, Newington",3265 Berlin Tpke,Newington
108,"94 Elm St Ste 1, Enfield",94 Elm St Ste 1,Enfield
109,"475 Hartford Rd, New Britain",475 Hartford Rd,New Britain
110,"333 N Main St STE 10, West Hartford",333 N Main St STE 10,West Hartford
111,"125 Buckland Hills Dr, Manchester",125 Buckland Hills Dr,Manchester
112,"50 Holyoke St, Holyoke",50 Holyoke St,Holyoke
113,"148 John Hunn Brown Rd, Dover",148 John Hunn Brown Rd,Dover
114,"2100 N 2nd St, Millville",2100 N 2nd St,Millville
115,"28539 Marlboro Ave, Easton",28539 Marlboro Ave,Easton
116,"305 Summit Bridge Rd, Middletown",305 Summit Bridge Rd,Middletown
117,"2100 N 2nd St, Millville",2100 N 2nd St,Millville
118,"28539 Marlboro Ave, Easton",28539 Marlboro Ave,Easton
119,"148 John Hunn Brown Rd, Dover",148 John Hunn Brown Rd,Dover
120,"18578 Coastal Hwy, Rehoboth Beach",18578 Coastal Hwy,Rehoboth Beach
121,"18922 Rehoboth Mall Blvd, Rehoboth Beach",18922 Rehoboth Mall Blvd,Rehoboth Beach
122,"2100 N 2nd St, Millville",2100 N 2nd St,Millville
123,"3845 Bayshore Rd, Cape May",3845 Bayshore Rd,Cape May
124,"148 John Hunn Brown Rd, Dover",148 John Hunn Brown Rd,Dover
125,"4380 Lawehana St, Honolulu",4380 Lawehana St,Honolulu
126,"1450 Ala Moana Blvd Ste 2401, Honolulu",1450 Ala Moana Blvd Ste 2401,Honolulu
127,"345 Hahani St, Kailua",345 Hahani St,Kailua
128,"4450 Kapolei Pkwy Ste 100, Kapolei",4450 Kapolei Pkwy Ste 100,Kapolei
129,"46-056 Kamehameha Hwy, Kaneohe",46-056 Kamehameha Hwy,Kaneohe
130,"4380 Lawehana St, Honolulu",4380 Lawehana St,Honolulu
131,"345 Hahani St, Kailua",345 Hahani St,Kailua
132,"4450 Kapolei Pkwy Ste 100, Kapolei",4450 Kapolei Pkwy Ste 100,Kapolei
133,"1450 Ala Moana Blvd Ste 2401, Honolulu",1450 Ala Moana Blvd Ste 2401,Honolulu
134,"1861 W Tennessee St, Tallahassee",1861 W Tennessee St,Tallahassee
135,"2120 Apalachee Pkwy, Tallahassee",2120 Apalachee Pkwy,Tallahassee
136,"3700 Bradfordville Rd, Tallahassee",3700 Bradfordville Rd,Tallahassee
137,"3700 Bradfordville Rd, Tallahassee",3700 Bradfordville Rd,Tallahassee
138,"6000 North Point Pkwy, Alpharetta",6000 North Point Pkwy,Alpharetta
139,"2201 Cobb Pkwy SE, Smyrna",2201 Cobb Pkwy SE,Smyrna
140,"2625 Peachtree Pkwy, Suwanee",2625 Peachtree Pkwy,Suwanee
141,"4125 Austell Rd, Austell",4125 Austell Rd,Austell
142,"1401 Johnson Ferry Rd, Marietta",1401 Johnson Ferry Rd,Marietta
143,"100 Perimeter Center Pl, Atlanta",100 Perimeter Center Pl,Atlanta
144,"1850 Jonesboro Rd, McDonough",1850 Jonesboro Rd,McDonough
145,"740 Ernest W Barrett Pkwy NW, Kennesaw",740 Ernest W Barrett Pkwy NW,Kennesaw
146,"5570 Roswell Rd, Sandy Springs",5570 Roswell Rd,Sandy Springs
147,"375 18th St NW, Atlanta",375 18th St NW,Atlanta
148,"875 Lawrenceville-Suwanee Rd Ste 4000, Lawrenceville",875 Lawrenceville-Suwanee Rd Ste 4000,Lawrenceville
149,"2195 GA-20 SE, Conyers",2195 GA-20 SE,Conyers
150,"2400 N Druid Hills Rd, Atlanta",2400 N Druid Hills Rd,Atlanta
151,"100 Cherokee Pl, Cartersville",100 Cherokee Pl,Cartersville
152,"3660 Marketplace Blvd, East Point",3660 Marketplace Blvd,East Point
153,"3040 Shallowford Rd, Marietta",3040 Shallowford Rd,Marietta
154,"1275 Caroline St NE, Atlanta",1275 Caroline St NE,Atlanta
155,"2950 Chapel Hill Rd, Douglasville",2950 Chapel Hill Rd,Douglasville
156,"5950 State Bridge Rd, Johns Creek",5950 State Bridge Rd,Johns Creek
157,"1525 Market Pl Blvd, Cumming",1525 Market Pl Blvd,Cumming
158,"16300 N Marketplace Blvd, Nampa",16300 N Marketplace Blvd,Nampa
159,"6280 N Eagle Rd, Boise",6280 N Eagle Rd,Boise
160,"633 N Milwaukee St, Boise",633 N Milwaukee St,Boise
161,"16432 Midland Blvd, Nampa",16432 Midland Blvd,Nampa
162,"16300 N Marketplace Blvd, Nampa",16300 N Marketplace Blvd,Nampa
163,"16700 N Marketplace Blvd, Nampa",16700 N Marketplace Blvd,Nampa
164,"16300 N Marketplace Blvd, Nampa",16300 N Marketplace Blvd,Nampa
165,"3445 Freedom Dr, Springfield",3445 Freedom Dr,Springfield
166,"6925 W 38th St, Indianapolis",6925 W 38th St,Indianapolis
167,"2673 E Main St, Plainfield",2673 E Main St,Plainfield
168,"11750 Commercial Dr, Fishers",11750 Commercial Dr,Fishers
169,"4850 E Southport Rd, Indianapolis",4850 E Southport Rd,Indianapolis
170,"1600 E 151st St, Carmel",1600 E 151st St,Carmel
171,"6101 N Keystone Ave Ste 200, Indianapolis",6101 N Keystone Ave Ste 200,Indianapolis
172,"1300 E 86th St #35, Indianapolis",1300 E 86th St #35,Indianapolis
173,"895 S State Rd 135, Greenwood",895 S State Rd 135,Greenwood
174,"10202 E Washington St, Indianapolis",10202 E Washington St,Indianapolis
175,"10401 N Michigan Rd, Carmel",10401 N Michigan Rd,Carmel
176,"10209 E US Hwy 36, Avon",10209 E US Hwy 36,Avon
177,"11750 Commercial Dr, Fishers",11750 Commercial Dr,Fishers
178,"4850 E Southport Rd, Indianapolis",4850 E Southport Rd,Indianapolis
179,"1300 E 86th St #35, Indianapolis",1300 E 86th St #35,Indianapolis
180,"6101 N Keystone Ave Ste 200, Indianapolis",6101 N Keystone Ave Ste 200,Indianapolis
181,"6925 W 38th St, Indianapolis",6925 W 38th St,Indianapolis
182,"10401 N Michigan Rd, Carmel",10401 N Michigan Rd,Carmel
183,"10209 E US Hwy 36, Avon",10209 E US Hwy 36,Avon
184,"1600 E 151st St, Carmel",1600 E 151st St,Carmel
185,"895 S State Rd 135, Greenwood",895 S State Rd 135,Greenwood
186,"5901 Douglas Ave, Des Moines",5901 Douglas Ave,Des Moines
187,"1111 E Army Post Rd Suite 2204, Des Moines",1111 E Army Post Rd Suite 2204,Des Moines
188,"1800 Valley W Dr, West Des Moines",1800 Valley W Dr,West Des Moines
189,"320 S Duff Ave, Ames",320 S Duff Ave,Ames
190,"2135 SE Delaware Ave, Ankeny",2135 SE Delaware Ave,Ankeny
191,"11148 Plum Dr, Urbandale",11148 Plum Dr,Urbandale
192,"5405 Mills Civic Pkwy, West Des Moines",5405 Mills Civic Pkwy,West Des Moines
193,"3414 8th St SW, Altoona",3414 8th St SW,Altoona
194,"5901 Douglas Ave, Des Moines",5901 Douglas Ave,Des Moines
195,"1800 Valley W Dr, West Des Moines",1800 Valley W Dr,West Des Moines
196,"320 S Duff Ave, Ames",320 S Duff Ave,Ames
197,"2135 SE Delaware Ave, Ankeny",2135 SE Delaware Ave,Ankeny
198,"5405 Mills Civic Pkwy, West Des Moines",5405 Mills Civic Pkwy,West Des Moines
199,"3414 8th St SW, Altoona",3414 8th St SW,Altoona
200,"11148 Plum Dr, Urbandale",11148 Plum Dr,Urbandale
201,"2135 SE Delaware Ave, Ankeny",2135 SE Delaware Ave,Ankeny
202,"5405 Mills Civic Pkwy, West Des Moines",5405 Mills Civic Pkwy,West Des Moines
203,"5901 Douglas Ave, Des Moines",5901 Douglas Ave,Des Moines
204,"1111 E Army Post Rd Ste 2204, Des Moines",1111 E Army Post Rd Ste 2204,Des Moines
205,"3414 8th St SW, Altoona",3414 8th St SW,Altoona
206,"3201 Iowa St, Lawrence",3201 Iowa St,Lawrence
207,"2120 SW Wanamaker Rd, Topeka",2120 SW Wanamaker Rd,Topeka
208,"3201 Iowa St, Lawrence",3201 Iowa St,Lawrence
209,"500 S Upper St STE 110, Lexington",500 S Upper St STE 110,Lexington
210,"131 W Reynolds Rd, Lexington",131 W Reynolds Rd,Lexington
211,"1940 Pavilion Way, Lexington",1940 Pavilion Way,Lexington
212,"1940 Pavilion Way, Lexington",1940 Pavilion Way,Lexington
213,"131 W Reynolds Rd, Lexington",131 W Reynolds Rd,Lexington
214,"6885 Siegen Ln, Baton Rouge",6885 Siegen Ln,Baton Rouge
215,"2001 Millerville Rd, Baton Rouge",2001 Millerville Rd,Baton Rouge
216,"6885 Siegen Ln, Baton Rouge",6885 Siegen Ln,Baton Rouge
217,"6835 Siegen Ln, Baton Rouge",6835 Siegen Ln,Baton Rouge
218,"6885 Siegen Ln, Baton Rouge",6885 Siegen Ln,Baton Rouge
219,"2001 Millerville Rd, Baton Rouge",2001 Millerville Rd,Baton Rouge
220,"6885 Siegen Ln, Baton Rouge",6885 Siegen Ln,Baton Rouge
221,"120 N Airline Hwy, Gonzales",120 N Airline Hwy,Gonzales
222,"10770 N Mall Dr, Baton Rouge",10770 N Mall Dr,Baton Rouge
223,"1977 Millerville Rd, Baton Rouge",1977 Millerville Rd,Baton Rouge
224,"2100 Tanger Blvd Suite 104, Gonzales",2100 Tanger Blvd Suite 104,Gonzales
225,"10521 S Mall Dr, Baton Rouge",10521 S Mall Dr,Baton Rouge
226,"5514 Main St, Zachary",5514 Main St,Zachary
227,"2210 Tanger Blvd, Gonzales",2210 Tanger Blvd,Gonzales
228,"125 Topsham Fair Mall Rd, Topsham",125 Topsham Fair Mall Rd,Topsham
229,"119 Crossing Way, Augusta",119 Crossing Way,Augusta
230,"603 Center St, Auburn",603 Center St,Auburn
231,Topsham,Topsham,
232,"119 Crossing Way, Augusta",119 Crossing Way,Augusta
233,"603 Center St, Auburn",603 Center St,Auburn
234,"7951 Nolpark Ct, Glen Burnie",7951 Nolpark Ct,Glen Burnie
235,"3343 Corridor Marketplace, Laurel",3343 Corridor Marketplace,Laurel
236,"3100 14th St NW Ste 201, Washington",3100 14th St NW Ste 201,Washington
237,"4600 Mitchellville Rd, Bowie",4600 Mitchellville Rd,Bowie
238,"3505 Connecticut Ave NW, Washington",3505 Connecticut Ave NW,Washington
239,"28539 Marlboro Ave, Easton",28539 Marlboro Ave,Easton
240,"7828 Georgia Ave NW, Washington",7828 Georgia Ave NW,Washington
241,"900 Army Navy Dr Ste a2, Arlington",900 Army Navy Dr Ste a2,Arlington
242,"3559 Boston St, Baltimore",3559 Boston St,Baltimore
243,"1737 Reisterstown Rd, Pikesville",1737 Reisterstown Rd,Pikesville
244,"12000 Cherry Hill Rd, Silver Spring",12000 Cherry Hill Rd,Silver Spring
245,"11160 Veirs Mill Rd, Silver Spring",11160 Veirs Mill Rd,Silver Spring
246,"4390 Montgomery Rd, Ellicott City",4390 Montgomery Rd,Ellicott City
247,"1238 Putty Hill Ave, Towson",1238 Putty Hill Ave,Towson
248,"10500 Campus Way S, Upper Marlboro",10500 Campus Way S,Upper Marlboro
249,"3500 East-West Hwy Suite 1200, Hyattsville",3500 East-West Hwy Suite 1200,Hyattsville
250,"1515 New York Ave NE, Washington",1515 New York Ave NE,Washington
251,"10401 Martin Luther King Jr Hwy, Bowie",10401 Martin Luther King Jr Hwy,Bowie
252,"6717 Ritchie Hwy, Glen Burnie",6717 Ritchie Hwy,Glen Burnie
253,"3101 Richmond Hwy, Alexandria",3101 Richmond Hwy,Alexandria
254,"7 Allstate Rd, Dorchester",7 Allstate Rd,Dorchester
255,"400 Cochituate Rd, Framingham",400 Cochituate Rd,Framingham
256,"100 Cambridge St Ste 2, Boston",100 Cambridge St Ste 2,Boston
257,"550 Arsenal St, Watertown",550 Arsenal St,Watertown
258,"227 Highland Ave, Salem",227 Highland Ave,Salem
259,"181 Plain St, Lowell",181 Plain St,Lowell
260,"113 Main St, Stoneham",113 Main St,Stoneham
261,"36 Furlong Dr, Revere",36 Furlong Dr,Revere
262,"400 Lynn Fells Pkwy, Saugus",400 Lynn Fells Pkwy,Saugus
263,"1205 S Washington St, North Attleborough",1205 S Washington St,North Attleborough
264,"1167 Washington St, Hanover",1167 Washington St,Hanover
265,"34 Cambridge St Suite 145, Burlington",34 Cambridge St Suite 145,Burlington
266,"4165 Washington St, Roslindale",4165 Washington St,Roslindale
267,"180 Somerville Ave, Somerville",180 Somerville Ave,Somerville
268,"310 Daniel Webster Hwy, Nashua",310 Daniel Webster Hwy,Nashua
269,"250 Granite St Suite 121, Braintree",250 Granite St Suite 121,Braintree
270,"240 Independence Way, Danvers",240 Independence Way,Danvers
271,"822 Somerville Ave, Cambridge",822 Somerville Ave,Cambridge
272,"203 S Broadway, Salem",203 S Broadway,Salem
273,"221 University Ave, Westwood",221 University Ave,Westwood
274,"500 E Edgewood Blvd, Lansing",500 E Edgewood Blvd,Lansing
275,"201 E Grand River Ave, East Lansing",201 E Grand River Ave,East Lansing
276,"4890 Marsh Rd, Okemos",4890 Marsh Rd,Okemos
277,"5609 W Saginaw Hwy, Lansing",5609 W Saginaw Hwy,Lansing
278,"4890 Marsh Rd, Okemos",4890 Marsh Rd,Okemos
279,"201 E Grand River Ave, East Lansing",201 E Grand River Ave,East Lansing
280,"500 E Edgewood Blvd, Lansing",500 E Edgewood Blvd,Lansing
281,"201 E Grand River Ave, East Lansing",201 E Grand River Ave,East Lansing
282,"500 E Edgewood Blvd, Lansing",500 E Edgewood Blvd,Lansing
283,"5609 W Saginaw Hwy, Lansing",5609 W Saginaw Hwy,Lansing
284,"6445 Richfield Pkwy, Richfield",6445 Richfield Pkwy,Richfield
285,"1515 County B Rd W, Roseville",1515 County B Rd W,Roseville
286,"2555 W 79th St, Bloomington",2555 W 79th St,Bloomington
287,"755 53rd Ave NE, Fridley",755 53rd Ave NE,Fridley
288,"3601 MN-100, Minneapolis",3601 MN-100,Minneapolis
289,"8900 MN-7, St Louis Park",8900 MN-7,St Louis Park
290,"7000 York Ave S, Edina",7000 York Ave S,Edina
291,"2000 Cliff Lake Rd, Eagan",2000 Cliff Lake Rd,Eagan
292,"2500 E Lake St, Minneapolis",2500 E Lake St,Minneapolis
293,"900 Nicollet Mall, Minneapolis",900 Nicollet Mall,Minneapolis
294,"1329 5th St SE, Minneapolis",1329 5th St SE,Minneapolis
295,"1650 New Brighton Blvd, Minneapolis",1650 New Brighton Blvd,Minneapolis
296,"3800 Lexington Ave N, Shoreview",3800 Lexington Ave N,Shoreview
297,"7535 W Broadway, Brooklyn Park",7535 W Broadway,Brooklyn Park
298,"8225 Flying Cloud Dr, Eden Prairie",8225 Flying Cloud Dr,Eden Prairie
299,"4175 Vinewood Ln N, Plymouth",4175 Vinewood Ln N,Plymouth
300,"2080 Ford Pkwy, St Paul",2080 Ford Pkwy,St Paul
301,"810 County Rd 42 W, Burnsville",810 County Rd 42 W,Burnsville
302,"5537 W Broadway, Crystal",5537 W Broadway,Crystal
303,"1750 S Robert St, West St Paul",1750 S Robert St,West St Paul
304,"6365 I-55, Jackson",6365 I-55,Jackson
305,"170 Promenade Blvd, Flowood",170 Promenade Blvd,Flowood
306,"2400 Bernadette Dr, Columbia",2400 Bernadette Dr,Columbia
307,"919 Hwy D, Osage Beach",919 Hwy D,Osage Beach
308,"735 W Stadium Blvd, Jefferson City",735 W Stadium Blvd,Jefferson City
309,"7358 W Stadium Blvd, Jefferson City",7358 W Stadium Blvd,Jefferson City
310,"4101 Rangeline St, Columbia",4101 Rangeline St,Columbia
311,"2400 Bernadette Dr, Columbia",2400 Bernadette Dr,Columbia
312,"735 W Stadium Blvd, Jefferson City",735 W Stadium Blvd,Jefferson City
313,"919 Hwy D, Osage Beach",919 Hwy D,Osage Beach
314,"735 W Stadium Blvd, Jefferson City",735 W Stadium Blvd,Jefferson City
315,"1010 Grn Mdws Rd, Columbia",1010 Grn Mdws Rd,Columbia
316,"12500 K Plaza, Omaha",12500 K Plaza,Omaha
317,"17810 W Center Rd, Omaha",17810 W Center Rd,Omaha
318,"333 N 48th St, Lincoln",333 N 48th St,Lincoln
319,"8201 S 40th St, Lincoln",8201 S 40th St,Lincoln
320,"5330 S 56th St, Lincoln",5330 S 56th St,Lincoln
321,Omaha,Omaha,
322,"12500 K Plaza, Omaha",12500 K Plaza,Omaha
323,"17810 W Center Rd, Omaha",17810 W Center Rd,Omaha
324,"5330 S 56th St, Lincoln",5330 S 56th St,Lincoln
325,"8201 S 40th St, Lincoln",8201 S 40th St,Lincoln
326,"333 N 48th St, Lincoln",333 N 48th St,Lincoln
327,"12500 K Plaza, Omaha",12500 K Plaza,Omaha
328,"17810 W Center Rd, Omaha",17810 W Center Rd,Omaha
329,"5330 S 56th St, Lincoln",5330 S 56th St,Lincoln
330,"8201 S 40th St, Lincoln",8201 S 40th St,Lincoln
331,"333 N 48th St, Lincoln",333 N 48th St,Lincoln
332,"6845 Sierra Center Pkwy, Reno",6845 Sierra Center Pkwy,Reno
333,"1550 E Lincoln Way, Sparks",1550 E Lincoln Way,Sparks
334,"910 Jacks Valley Rd, Carson City",910 Jacks Valley Rd,Carson City
335,"910 Jacks Valley Rd, Carson City",910 Jacks Valley Rd,Carson City
336,"600 Amherst St, Nashua",600 Amherst St,Nashua
337,"35 Computer Dr, Haverhill",35 Computer Dr,Haverhill
338,"203 S Broadway, Salem",203 S Broadway,Salem
339,"80 D'Amante Dr, Concord",80 D'Amante Dr,Concord
340,"100 Quality Dr, Hooksett",100 Quality Dr,Hooksett
341,"220 S River Rd, Bedford",220 S River Rd,Bedford
342,"600 Amherst St, Nashua",600 Amherst St,Nashua
343,"35 Computer Dr, Haverhill",35 Computer Dr,Haverhill
344,"220 S River Rd, Bedford",220 S River Rd,Bedford
345,"80 D'Amante Dr, Concord",80 D'Amante Dr,Concord
346,"100 Quality Dr, Hooksett",100 Quality Dr,Hooksett
347,"35 Computer Dr, Haverhill",35 Computer Dr,Haverhill
348,"203 S Broadway, Salem",203 S Broadway,Salem
349,"600 Amherst St, Nashua",600 Amherst St,Nashua
350,"220 S River Rd, Bedford",220 S River Rd,Bedford
351,"203 S Broadway, Salem",203 S Broadway,Salem
352,"100 Quality Dr, Hooksett",100 Quality Dr,Hooksett
353,"80 D'Amante Dr, Concord",80 D'Amante Dr,Concord
354,"35 Computer Dr, Haverhill",35 Computer Dr,Haverhill
355,"100 Quality Dr, Hooksett",100 Quality Dr,Hooksett
356,"1 Mifflin St, Philadelphia",1 Mifflin St,Philadelphia
357,"4000 Monument Rd, Philadelphia",4000 Monument Rd,Philadelphia
358,"1495 Old York Rd, Abington",1495 Old York Rd,Abington
359,"621 W Edgar Rd, Linden",621 W Edgar Rd,Linden
360,"55 US-9, Manalapan Township",55 US-9,Manalapan Township
361,"2900 Veterans Rd W, Staten Island",2900 Veterans Rd W,Staten Island
362,"2701 Castor Ave, Philadelphia",2701 Castor Ave,Philadelphia
363,"1020 Broad St, Philadelphia",1020 Broad St,Philadelphia
364,"2137 NJ-38, Cherry Hill",2137 NJ-38,Cherry Hill
365,"4 Centerton Rd, Mt Laurel Township",4 Centerton Rd,Mt Laurel Township
366,"101 Grand Ave, North Brunswick Township",101 Grand Ave,North Brunswick Township
367,"2001 Pennsylvania Ave, Philadelphia",2001 Pennsylvania Ave,Philadelphia
368,"1200 Baltimore Pike, Springfield",1200 Baltimore Pike,Springfield
369,"7400 Bustleton Ave, Philadelphia",7400 Bustleton Ave,Philadelphia
370,"100 Parsonage Rd, Edison",100 Parsonage Rd,Edison
371,"1900 Chestnut St, Philadelphia",1900 Chestnut St,Philadelphia
372,"456 N 5th St, Philadelphia",456 N 5th St,Philadelphia
373,"200 Promenade Blvd, Bridgewater",200 Promenade Blvd,Bridgewater
374,"2450 Shoppers Ln, Wyncote",2450 Shoppers Ln,Wyncote
375,"5000 Hadley Center Dr, South Plainfield",5000 Hadley Center Dr,South Plainfield
376,"3550 Zafarano Dr, Santa Fe",3550 Zafarano Dr,Santa Fe
377,"3550 Zafarano Dr, Santa Fe",3550 Zafarano Dr,Santa Fe
378,"4250 Cerrillos Rd, Santa Fe",4250 Cerrillos Rd,Santa Fe
379,"Home Depot, 2021 Walnut St, Cary",Home Depot,"2021 Walnut St, Cary"
380,"12000 Retail Dr, Wake Forest",12000 Retail Dr,Wake Forest
381,"4037 Durham-Chapel Hill Blvd, Durham",4037 Durham-Chapel Hill Blvd,Durham
382,"4191 The Cir At N Hills St, Raleigh",4191 The Cir At N Hills St,Raleigh
383,"2512 Hillsborough St, Raleigh",2512 Hillsborough St,Raleigh
384,"8651 Brier Creek Pkwy, Raleigh",8651 Brier Creek Pkwy,Raleigh
385,"8210 Renaissance Pkwy, Durham",8210 Renaissance Pkwy,Durham
386,"3001 Market Center Drive, Morrisville",3001 Market Center Drive,Morrisville
387,"4841 Grove Barton Rd, Raleigh",4841 Grove Barton Rd,Raleigh
388,"100 Grand Hill Pl, Holly Springs",100 Grand Hill Pl,Holly Springs
389,"1040 Timber Drive East, Garner",1040 Timber Drive East,Garner
390,"7129 O'Kelly Chapel Rd, Cary",7129 O'Kelly Chapel Rd,Cary
391,"2700 Timber Dr, Garner",2700 Timber Dr,Garner
392,"1000 Shoppes At Midway Dr, Knightdale",1000 Shoppes At Midway Dr,Knightdale
393,"1201 Beaver Creek Commons Dr, Apex",1201 Beaver Creek Commons Dr,Apex
394,"143 W Franklin St #120, Chapel Hill",143 W Franklin St #120,Chapel Hill
395,"8701 Six Forks Rd, Raleigh",8701 Six Forks Rd,Raleigh
396,"7900 Old Wake Forest Rd, Raleigh",7900 Old Wake Forest Rd,Raleigh
397,"2512 Hillsborough St, Raleigh",2512 Hillsborough St,Raleigh
398,"4037 Durham-Chapel Hill Blvd, Durham",4037 Durham-Chapel Hill Blvd,Durham
399,"3031 NY-50, Saratoga Springs",3031 NY-50,Saratoga Springs
400,"100 Amsterdam Cmns, Amsterdam",100 Amsterdam Cmns,Amsterdam
401,"1440 Central Ave, Colonie",1440 Central Ave,Colonie
402,"675 Troy-Schenectady Rd, Latham",675 Troy-Schenectady Rd,Latham
403,"26 Crossing Blvd, Clifton Park",26 Crossing Blvd,Clifton Park
404,"428 Balltown Rd, Schenectady",428 Balltown Rd,Schenectady
405,"625 3rd Ave Ext, Rensselaer",625 3rd Ave Ext,Rensselaer
406,"655 Cheshire Rd, Lanesborough",655 Cheshire Rd,Lanesborough
407,"204 Saratoga Rd, Schenectady",204 Saratoga Rd,Schenectady
408,"3031 NY-50, Saratoga Springs",3031 NY-50,Saratoga Springs
409,"1440 Central Ave, Colonie",1440 Central Ave,Colonie
410,"625 3rd Ave Ext, Rensselaer",625 3rd Ave Ext,Rensselaer
411,"26 Crossing Blvd, Clifton Park",26 Crossing Blvd,Clifton Park
412,"428 Balltown Rd, Schenectady",428 Balltown Rd,Schenectady
413,"204 Saratoga Rd, Schenectady",204 Saratoga Rd,Schenectady
414,"100 Amsterdam Cmns, Amsterdam",100 Amsterdam Cmns,Amsterdam
415,"675 Troy-Schenectady Rd, Latham",675 Troy-Schenectady Rd,Latham
416,"655 Cheshire Rd, Lanesborough",655 Cheshire Rd,Lanesborough
417,"625 3rd Ave Ext, Rensselaer",625 3rd Ave Ext,Rensselaer
418,"204 Saratoga Rd, Schenectady",204 Saratoga Rd,Schenectady
419,"1717 Olentangy River Rd, Columbus",1717 Olentangy River Rd,Columbus
420,"4144 Buckeye Pkwy, Grove City",4144 Buckeye Pkwy,Grove City
421,"4199 Morse Crossing, Columbus",4199 Morse Crossing,Columbus
422,"3955 E Broad St, Whitehall",3955 E Broad St,Whitehall
423,"55 Graceland Blvd, Columbus",55 Graceland Blvd,Columbus
424,"6000 Sawmill Rd, Dublin",6000 Sawmill Rd,Dublin
425,"1970 Hilliard Rome Rd, Hilliard",1970 Hilliard Rome Rd,Hilliard
426,"10560 Sawmill Pkwy, Powell",10560 Sawmill Pkwy,Powell
427,"8100 E Broad St, Reynoldsburg",8100 E Broad St,Reynoldsburg
428,"1300 River Valley Blvd, Lancaster",1300 River Valley Blvd,Lancaster
429,"6030 N Hamilton Rd, Westerville",6030 N Hamilton Rd,Westerville
430,"1485 Polaris Pkwy, Columbus",1485 Polaris Pkwy,Columbus
431,"1892 N High St, Columbus",1892 N High St,Columbus
432,"4211 Trueman Blvd, Hilliard",4211 Trueman Blvd,Hilliard
433,"2437 Taylor Park Dr, Reynoldsburg",2437 Taylor Park Dr,Reynoldsburg
434,"270 Central Pkwy, Heath",270 Central Pkwy,Heath
435,"6030 N Hamilton Rd, Westerville",6030 N Hamilton Rd,Westerville
436,"4199 Morse Crossing, Columbus",4199 Morse Crossing,Columbus
437,"1970 Hilliard Rome Rd, Hilliard",1970 Hilliard Rome Rd,Hilliard
438,"3955 E Broad St, Whitehall",3955 E Broad St,Whitehall
439,"8315 N Rockwell Ave, Oklahoma City",8315 N Rockwell Ave,Oklahoma City
440,"5400 N May Ave, Oklahoma City",5400 N May Ave,Oklahoma City
441,"7305 SE 29th St, Midwest City",7305 SE 29th St,Midwest City
442,"1400 24th Ave NW, Norman",1400 24th Ave NW,Norman
443,"720 SW 19th St, Moore",720 SW 19th St,Moore
444,"13924 N Pennsylvania Ave, Oklahoma City",13924 N Pennsylvania Ave,Oklahoma City
445,"1200 E 2nd St, Edmond",1200 E 2nd St,Edmond
446,"1700 Garth Brooks Blvd, Yukon",1700 Garth Brooks Blvd,Yukon
447,"8315 N Rockwell Ave, Oklahoma City",8315 N Rockwell Ave,Oklahoma City
448,"1200 E 2nd St, Edmond",1200 E 2nd St,Edmond
449,"1400 24th Ave NW, Norman",1400 24th Ave NW,Norman
450,"7305 SE 29th St, Midwest City",7305 SE 29th St,Midwest City
451,"720 SW 19th St, Moore",720 SW 19th St,Moore
452,"13924 N Pennsylvania Ave, Oklahoma City",13924 N Pennsylvania Ave,Oklahoma City
453,"5400 N May Ave, Oklahoma City",5400 N May Ave,Oklahoma City
454,"1700 Garth Brooks Blvd, Yukon",1700 Garth Brooks Blvd,Yukon
455,"8315 N Rockwell Ave, Oklahoma City",8315 N Rockwell Ave,Oklahoma City
456,"7305 SE 29th St, Midwest City",7305 SE 29th St,Midwest City
457,"1200 E 2nd St, Edmond",1200 E 2nd St,Edmond
458,"720 SW 19th St, Moore",720 SW 19th St,Moore
459,"3790 Center St NE, Salem",3790 Center St NE,Salem
460,"6450 Keizer Station Blvd NE, Keizer",6450 Keizer Station Blvd NE,Keizer
461,"2255 14th Ave SE, Albany",2255 14th Ave SE,Albany
462,"21365 SW Baler Way, Sherwood",21365 SW Baler Way,Sherwood
463,"25925 SW Heather Pl, Wilsonville",25925 SW Heather Pl,Wilsonville
464,"3790 Center St NE, Salem",3790 Center St NE,Salem
465,"6450 Keizer Station Blvd NE, Keizer",6450 Keizer Station Blvd NE,Keizer
466,"2255 14th Ave SE, Albany",2255 14th Ave SE,Albany
467,"6450 Keizer Station Blvd NE, Keizer",6450 Keizer Station Blvd NE,Keizer
468,"3790 Center St NE, Salem",3790 Center St NE,Salem
469,"2255 14th Ave SE, Albany",2255 14th Ave SE,Albany
470,"21365 SW Baler Way, Sherwood",21365 SW Baler Way,Sherwood
471,"4600 High Pointe Blvd, Harrisburg",4600 High Pointe Blvd,Harrisburg
472,"1589 Fruitville Pike, Lancaster",1589 Fruitville Pike,Lancaster
473,"2610 Pleasant Valley Rd, York",2610 Pleasant Valley Rd,York
474,"5125 Jonestown Rd #331, Harrisburg",5125 Jonestown Rd #331,Harrisburg
475,"2251 York Crossing Dr, York",2251 York Crossing Dr,York
476,"960 Lititz Pike, Lititz",960 Lititz Pike,Lititz
477,"6416 Carlisle Pike Ste 1900, Mechanicsburg",6416 Carlisle Pike Ste 1900,Mechanicsburg
478,"246 Westminster Dr, Carlisle",246 Westminster Dr,Carlisle
479,"31 Wilson Ave, Hanover",31 Wilson Ave,Hanover
480,"1745 Quentin Rd, Lebanon",1745 Quentin Rd,Lebanon
481,"1589 Fruitville Pike, Lancaster",1589 Fruitville Pike,Lancaster
482,"4600 High Pointe Blvd, Harrisburg",4600 High Pointe Blvd,Harrisburg
483,"2251 York Crossing Dr, York",2251 York Crossing Dr,York
484,"246 Westminster Dr, Carlisle",246 Westminster Dr,Carlisle
485,"5125 Jonestown Rd STE 331, Harrisburg",5125 Jonestown Rd STE 331,Harrisburg
486,"960 Lititz Pike, Lititz",960 Lititz Pike,Lititz
487,"6416 Carlisle Pike Ste 1900, Mechanicsburg",6416 Carlisle Pike Ste 1900,Mechanicsburg
488,"2610 Pleasant Valley Rd, York",2610 Pleasant Valley Rd,York
489,"31 Wilson Ave, Hanover",31 Wilson Ave,Hanover
490,"4600 High Pointe Blvd, Harrisburg",4600 High Pointe Blvd,Harrisburg
491,"1167 Washington St, Hanover",1167 Washington St,Hanover
492,"1205 S Washington St, North Attleborough",1205 S Washington St,North Attleborough
493,"81 Taunton Depot Dr, Taunton",81 Taunton Depot Dr,Taunton
494,"250 Granite St Suite 121, Braintree",250 Granite St Suite 121,Braintree
495,"221 University Ave, Westwood",221 University Ave,Westwood
496,"400 Bald Hill Rd #200, Warwick",400 Bald Hill Rd #200,Warwick
497,"1 Hawes Wy, Stoughton",1 Hawes Wy,Stoughton
498,"579 Grand Army of the Republic Hwy #5, Swansea",579 Grand Army of the Republic Hwy #5,Swansea
499,"70 Worcester-Providence Turnpike #100, Millbury",70 Worcester-Providence Turnpike #100,Millbury
500,"1245 Bald Hill Rd, Warwick",1245 Bald Hill Rd,Warwick
501,"479 State Rd, Dartmouth",479 State Rd,Dartmouth
502,"620 George Washington Hwy, Lincoln",620 George Washington Hwy,Lincoln
503,"330 Turnpike Rd, Westborough",330 Turnpike Rd,Westborough
504,"41 Robert Dr, South Easton",41 Robert Dr,South Easton
505,"289 Hancock St, Quincy",289 Hancock St,Quincy
506,"250 Fortune Blvd, Milford",250 Fortune Blvd,Milford
507,"385 Centre Ave, Abington",385 Centre Ave,Abington
508,"79 Commerce Way, Seekonk",79 Commerce Way,Seekonk
509,"91 Taunton St, Plainville",91 Taunton St,Plainville
510,"371 Putnam Pike Ste A-250, Smithfield",371 Putnam Pike Ste A-250,Smithfield
511,"5119 Sunset Blvd, Lexington",5119 Sunset Blvd,Lexington
512,"6090A Garners Ferry Rd, Columbia",6090A Garners Ferry Rd,Columbia
513,"10204 Two Notch Rd, Columbia",10204 Two Notch Rd,Columbia
514,"134 Harbison Blvd, Columbia",134 Harbison Blvd,Columbia
515,"5119 Sunset Blvd, Lexington",5119 Sunset Blvd,Lexington
516,"6090A Garners Ferry Rd, Columbia",6090A Garners Ferry Rd,Columbia
517,"10204 Two Notch Rd, Columbia",10204 Two Notch Rd,Columbia
518,"5119 Sunset Blvd, Lexington",5119 Sunset Blvd,Lexington
519,"6090A Garners Ferry Rd, Columbia",6090A Garners Ferry Rd,Columbia
520,"134 Harbison Blvd, Columbia",134 Harbison Blvd,Columbia
521,"10204 Two Notch Rd, Columbia",10204 Two Notch Rd,Columbia
522,"2050 Gallatin Ave N, Madison",2050 Gallatin Ave N,Madison
523,"780 Old Hickory Blvd, Brentwood",780 Old Hickory Blvd,Brentwood
524,"26 White Bridge Pike, Nashville",26 White Bridge Pike,Nashville
525,"3171 Lebanon Pike, Nashville",3171 Lebanon Pike,Nashville
526,"6814 Charlotte Pike, Nashville",6814 Charlotte Pike,Nashville
527,"803 Industrial Blvd, Smyrna",803 Industrial Blvd,Smyrna
528,"3064 Columbia Ave, Franklin",3064 Columbia Ave,Franklin
529,"1701 Galleria Blvd, Franklin",1701 Galleria Blvd,Franklin
530,"1851 Old Fort Pkwy, Murfreesboro",1851 Old Fort Pkwy,Murfreesboro
531,"2823 Wilma Rudolph Blvd, Clarksville",2823 Wilma Rudolph Blvd,Clarksville
532,"1033 Crossings Blvd, Spring Hill",1033 Crossings Blvd,Spring Hill
533,"1004 Andrews Run, Hendersonville",1004 Andrews Run,Hendersonville
534,"401 S Mt Juliet Rd #600, Mt. Juliet",401 S Mt Juliet Rd #600,Mt. Juliet
535,"1851 Old Fort Pkwy, Murfreesboro",1851 Old Fort Pkwy,Murfreesboro
536,"26 White Bridge Pike, Nashville",26 White Bridge Pike,Nashville
537,"1701 Galleria Blvd, Franklin",1701 Galleria Blvd,Franklin
538,"6814 Charlotte Pike, Nashville",6814 Charlotte Pike,Nashville
539,"3171 Lebanon Pike, Nashville",3171 Lebanon Pike,Nashville
540,"1004 Andrews Run, Hendersonville",1004 Andrews Run,Hendersonville
541,"780 Old Hickory Blvd, Brentwood",780 Old Hickory Blvd,Brentwood
542,"10107 Research Blvd, Austin",10107 Research Blvd,Austin
543,"18700 Limestone Commercial Dr Ste 100, Pflugerville",18700 Limestone Commercial Dr Ste 100,Pflugerville
544,"121 Louis Henna Blvd, Round Rock",121 Louis Henna Blvd,Round Rock
545,"11220 Ranch to Market 2222, Austin",11220 Ranch to Market 2222,Austin
546,"5300 S MoPac Expy, Austin",5300 S MoPac Expy,Austin
547,"8601 Research Blvd, Austin",8601 Research Blvd,Austin
548,"700 Barnes Dr, San Marcos",700 Barnes Dr,San Marcos
549,"3702 Ranch Rd 620 S, Bee Cave",3702 Ranch Rd 620 S,Bee Cave
550,"2300 W Ben White Blvd, Austin",2300 W Ben White Blvd,Austin
551,"5188 Kyle Centre Dr, Kyle",5188 Kyle Centre Dr,Kyle
552,"5621 N Interstate Hwy 35, Austin",5621 N Interstate Hwy 35,Austin
553,"1101 C-Bar Ranch Trl Lot #2, Cedar Park",1101 C-Bar Ranch Trl Lot #2,Cedar Park
554,"9500 S I-35 Frontage Rd Suite G, Austin",9500 S I-35 Frontage Rd Suite G,Austin
555,"901 E 5th St. Ste 140, Austin",901 E 5th St. Ste 140,Austin
556,"1021 W University Ave STE B3, Georgetown",1021 W University Ave STE B3,Georgetown
557,"101 Concho St Ste 200, San Marcos",101 Concho St Ste 200,San Marcos
558,"2025 Guadalupe St STE 01-100, Austin",2025 Guadalupe St STE 01-100,Austin
559,"10900 Lakeline Mall Dr, Austin",10900 Lakeline Mall Dr,Austin
560,"5621 N Interstate Hwy 35, Austin",5621 N Interstate Hwy 35,Austin
561,"901 E 5th St. Ste 140, Austin",901 E 5th St. Ste 140,Austin
562,"1110 S 300 W, Salt Lake City",1110 S 300 W,Salt Lake City
563,"10130 S State St, Sandy",10130 S State St,Sandy
564,"11525 Pkwy Plaza Dr, South Jordan",11525 Pkwy Plaza Dr,South Jordan
565,"5518 High Market Dr, West Valley City",5518 High Market Dr,West Valley City
566,"608 W Main St, American Fork",608 W Main St,American Fork
567,"5800 S Redwood Rd, Taylorsville",5800 S Redwood Rd,Taylorsville
568,"2236 S 1300 E Ste D-1, Salt Lake City",2236 S 1300 E Ste D-1,Salt Lake City
569,"7779 Jordan Landing Blvd, West Jordan",7779 Jordan Landing Blvd,West Jordan
570,"1135 W Riverdale Rd, Riverdale",1135 W Riverdale Rd,Riverdale
571,"815 W 2000 N, Layton",815 W 2000 N,Layton
572,"200 N Marketplace Dr, Centerville",200 N Marketplace Dr,Centerville
573,"7025 Park Centre Dr, Cottonwood Heights",7025 Park Centre Dr,Cottonwood Heights
574,"10130 S State St, Sandy",10130 S State St,Sandy
575,"5518 High Market Dr, West Valley City",5518 High Market Dr,West Valley City
576,"2236 S 1300 E Ste D-1, Salt Lake City",2236 S 1300 E Ste D-1,Salt Lake City
577,"11525 Pkwy Plaza Dr, South Jordan",11525 Pkwy Plaza Dr,South Jordan
578,"608 W Main St, American Fork",608 W Main St,American Fork
579,"1110 S 300 W, Salt Lake City",1110 S 300 W,Salt Lake City
580,"815 W 2000 N, Layton",815 W 2000 N,Layton
581,"200 N Marketplace Dr, Centerville",200 N Marketplace Dr,Centerville
582,"155 Dorset St, South Burlington",155 Dorset St,South Burlington
583,"5401 W Broad St, Richmond",5401 W Broad St,Richmond
584,"201 Perimeter Dr, Midlothian",201 Perimeter Dr,Midlothian
585,"11290 W Broad St, Glen Allen",11290 W Broad St,Glen Allen
586,"4521 S Laburnum Ave, Richmond",4521 S Laburnum Ave,Richmond
587,"9001 Staples Mill Rd, Henrico",9001 Staples Mill Rd,Henrico
588,"7107 Forest Hill Ave, Richmond",7107 Forest Hill Ave,Richmond
589,"2530 Weir Rd, Chester",2530 Weir Rd,Chester
590,"11301 Midlothian Tpke, Richmond",11301 Midlothian Tpke,Richmond
591,"721 Southpark Blvd, Colonial Heights",721 Southpark Blvd,Colonial Heights
592,"7235 Bell Creek Rd, Mechanicsville",7235 Bell Creek Rd,Mechanicsville
593,"10100 Brook Rd, Glen Allen",10100 Brook Rd,Glen Allen
594,"4601 Commonwealth Centre Pkwy, Midlothian",4601 Commonwealth Centre Pkwy,Midlothian
595,"11290 W Broad St, Glen Allen",11290 W Broad St,Glen Allen
596,"5401 W Broad St, Richmond",5401 W Broad St,Richmond
597,"9001 Staples Mill Rd, Henrico",9001 Staples Mill Rd,Henrico
598,"4601 Commonwealth Centre Pkwy, Midlothian",4601 Commonwealth Centre Pkwy,Midlothian
599,"2530 Weir Rd, Chester",2530 Weir Rd,Chester
600,"7235 Bell Creek Rd, Mechanicsville",7235 Bell Creek Rd,Mechanicsville
601,"721 Southpark Blvd, Colonial Heights",721 Southpark Blvd,Colonial Heights
602,"11290 W Broad St, Glen Allen",11290 W Broad St,Glen Allen
603,"30 RHL Blvd, South Charleston",30 RHL Blvd,South Charleston
604,"300 Liberty Square Dr, Hurricane",300 Liberty Square Dr,Hurricane
605,"30 RHL Blvd, South Charleston",30 RHL Blvd,South Charleston
606,"300 Liberty Square Dr, Hurricane",300 Liberty Square Dr,Hurricane
607,"4301 Lien Rd, Madison",4301 Lien Rd,Madison
608,"6321 McKee Rd, Fitchburg",6321 McKee Rd,Fitchburg
609,"2017 Humes Rd, Janesville",2017 Humes Rd,Janesville
610,"660 S Grand Ave, Sun Prairie",660 S Grand Ave,Sun Prairie
611,"750 Hilldale Wy, Madison",750 Hilldale Wy,Madison
612,"201 Junction Rd, Madison",201 Junction Rd,Madison
613,"610 State St, Madison",610 State St,Madison
614,"4301 Lien Rd, Madison",4301 Lien Rd,Madison
615,"660 S Grand Ave, Sun Prairie",660 S Grand Ave,Sun Prairie
616,"6321 McKee Rd, Fitchburg",6321 McKee Rd,Fitchburg
617,"2017 Humes Rd, Janesville",2017 Humes Rd,Janesville
618,"201 Junction Rd, Madison",201 Junction Rd,Madison
619,"6321 McKee Rd, Fitchburg",6321 McKee Rd,Fitchburg
620,"610 State St, Madison",610 State St,Madison
621,"2017 Humes Rd, Janesville",2017 Humes Rd,Janesville
622,"660 S Grand Ave, Sun Prairie",660 S Grand Ave,Sun Prairie
623,"4301 Lien Rd, Madison",4301 Lien Rd,Madison
624,"750 Hilldale Wy, Madison",750 Hilldale Wy,Madison
625,"4301 Lien Rd, Madison",4301 Lien Rd,Madison
626,"1708 Dell Range Blvd, Cheyenne",1708 Dell Range Blvd,Cheyenne
627,"1708 Dell Range Blvd, Cheyenne",1708 Dell Range Blvd,Cheyenne
